prenom,nom,mail,elo
Magnus,Carlsen,Magnus@matteomaxime.com,2840
Hikaru,Nakamura,Hikaru@matteomaxime.com,2810
Fabiano,Caruana,Fabiano@matteomaxime.com,2795
Vincent,Keymer,Vincent@matteomaxime.com,2776
Arjun,Erigaisi,Arjun@matteomaxime.com,2775
Alireza,Firouzja,Alireza@matteomaxime.com,2762
Praggnanandhaa,Rameshbabu,Praggnanandhaa@matteomaxime.com,2761
Anish,Giri,Anish@matteomaxime.com,2760
Wei,Yi,Wei@matteomaxime.com,2754
Gukesh,Dommaraju,Gukesh@matteomaxime.com,2754
